,Company,Revenue Growth (%),Net Income Growth (%),Assets Growth (%),Liabilities Growth (%),Cash Flow from Operations Growth(%)
0,Apple,-1.449709806732195,-0.7460392145818027,-0.14938754409486998,-0.22709171534817477,-1.4424923704330723
1,Microsoft,-7.220526179598459,-5.081266937144317,-6.651679397137893,-2.3015671263185045,-4.050053157916089
2,Tesla,-16.584239961746977,-24.064302871003093,-15.771471364442299,-10.480864134181635,-3.614122737741436
